country,year,sex,list,cause,cdr
USA,1979,1,short,0,9578
USA,1979,1,short,1,92
USA,1979,1,short,2,2090
USA,1979,1,short,3,26
USA,1979,1,short,4,181
USA,1979,1,short,5,77
USA,1979,1,short,6,117
USA,1979,1,short,7,3651
USA,1979,1,short,8,662
USA,1979,1,short,9,247
USA,1979,1,short,10,160
USA,1979,1,short,11,442
USA,1979,1,short,12,367
USA,1979,1,short,13,33
USA,1979,1,short,14,136
USA,1979,1,short,15,225
USA,1979,1,short,16,1073
USA,1980,1,short,0,9747
USA,1980,1,short,1,100
USA,1980,1,short,2,2125
USA,1980,1,short,3,26
USA,1980,1,short,4,188
USA,1980,1,short,5,83
USA,1980,1,short,6,122
USA,1980,1,short,7,3691
USA,1980,1,short,8,654
USA,1980,1,short,9,247
USA,1980,1,short,10,184
USA,1980,1,short,11,478
USA,1980,1,short,12,377
USA,1980,1,short,13,34
USA,1980,1,short,14,139
USA,1980,1,short,15,223
USA,1980,1,short,16,1076
USA,1981,1,short,0,9550
USA,1981,1,short,1,103
USA,1981,1,short,2,2125
USA,1981,1,short,3,26
USA,1981,1,short,4,184
USA,1981,1,short,5,83
USA,1981,1,short,6,125
USA,1981,1,short,7,3602
USA,1981,1,short,8,618
USA,1981,1,short,9,236
USA,1981,1,short,10,180
USA,1981,1,short,11,487
USA,1981,1,short,12,362
USA,1981,1,short,13,34
USA,1981,1,short,14,138
USA,1981,1,short,15,210
USA,1981,1,short,16,1035
USA,1982,1,short,0,9387
USA,1982,1,short,1,106
USA,1982,1,short,2,2161
USA,1982,1,short,3,27
USA,1982,1,short,4,185
USA,1982,1,short,5,80
USA,1982,1,short,6,125
USA,1982,1,short,7,3543
USA,1982,1,short,8,585
USA,1982,1,short,9,230
USA,1982,1,short,10,163
USA,1982,1,short,11,484
USA,1982,1,short,12,348
USA,1982,1,short,13,34
USA,1982,1,short,14,140
USA,1982,1,short,15,205
USA,1982,1,short,16,974
USA,1983,1,short,0,9437
USA,1983,1,short,1,116
USA,1983,1,short,2,2179
USA,1983,1,short,3,33
USA,1983,1,short,4,190
USA,1983,1,short,5,85
USA,1983,1,short,6,139
USA,1983,1,short,7,3544
USA,1983,1,short,8,576
USA,1983,1,short,9,229
USA,1983,1,short,10,179
USA,1983,1,short,11,517
USA,1983,1,short,12,348
USA,1983,1,short,13,37
USA,1983,1,short,14,143
USA,1983,1,short,15,193
USA,1983,1,short,16,930
USA,1984,1,short,0,9392
USA,1984,1,short,1,126
USA,1984,1,short,2,2201
USA,1984,1,short,3,39
USA,1984,1,short,4,189
USA,1984,1,short,5,84
USA,1984,1,short,6,148
USA,1984,1,short,7,3459
USA,1984,1,short,8,562
USA,1984,1,short,9,222
USA,1984,1,short,10,186
USA,1984,1,short,11,527
USA,1984,1,short,12,346
USA,1984,1,short,13,38
USA,1984,1,short,14,151
USA,1984,1,short,15,188
USA,1984,1,short,16,926
USA,1985,1,short,0,9489
USA,1985,1,short,1,142
USA,1985,1,short,2,2222
USA,1985,1,short,3,52
USA,1985,1,short,4,196
USA,1985,1,short,5,93
USA,1985,1,short,6,158
USA,1985,1,short,7,3432
USA,1985,1,short,8,553
USA,1985,1,short,9,218
USA,1985,1,short,10,207
USA,1985,1,short,11,559
USA,1985,1,short,12,348
USA,1985,1,short,13,41
USA,1985,1,short,14,157
USA,1985,1,short,15,191
USA,1985,1,short,16,922
USA,1986,1,short,0,9452
USA,1986,1,short,1,159
USA,1986,1,short,2,2236
USA,1986,1,short,3,71
USA,1986,1,short,4,196
USA,1986,1,short,5,95
USA,1986,1,short,6,166
USA,1986,1,short,7,3331
USA,1986,1,short,8,535
USA,1986,1,short,9,211
USA,1986,1,short,10,211
USA,1986,1,short,11,563
USA,1986,1,short,12,339
USA,1986,1,short,13,42
USA,1986,1,short,14,161
USA,1986,1,short,15,184
USA,1986,1,short,16,952
USA,1987,1,short,0,9397
USA,1987,1,short,1,255
USA,1987,1,short,2,2241
USA,1987,1,short,3,31
USA,1987,1,short,4,202
USA,1987,1,short,5,96
USA,1987,1,short,6,175
USA,1987,1,short,7,3252
USA,1987,1,short,8,529
USA,1987,1,short,9,209
USA,1987,1,short,10,202
USA,1987,1,short,11,556
USA,1987,1,short,12,339
USA,1987,1,short,13,38
USA,1987,1,short,14,161
USA,1987,1,short,15,179
USA,1987,1,short,16,931
USA,1988,1,short,0,9456
USA,1988,1,short,1,281
USA,1988,1,short,2,2249
USA,1988,1,short,3,31
USA,1988,1,short,4,209
USA,1988,1,short,5,102
USA,1988,1,short,6,179
USA,1988,1,short,7,3220
USA,1988,1,short,8,533
USA,1988,1,short,9,206
USA,1988,1,short,10,220
USA,1988,1,short,11,572
USA,1988,1,short,12,340
USA,1988,1,short,13,39
USA,1988,1,short,14,159
USA,1988,1,short,15,179
USA,1988,1,short,16,936
USA,1989,1,short,0,9264
USA,1989,1,short,1,317
USA,1989,1,short,2,2264
USA,1989,1,short,3,32
USA,1989,1,short,4,231
USA,1989,1,short,5,97
USA,1989,1,short,6,179
USA,1989,1,short,7,3060
USA,1989,1,short,8,505
USA,1989,1,short,9,198
USA,1989,1,short,10,211
USA,1989,1,short,11,550
USA,1989,1,short,12,333
USA,1989,1,short,13,41
USA,1989,1,short,14,152
USA,1989,1,short,15,180
USA,1989,1,short,16,915
USA,1990,1,short,0,9148
USA,1990,1,short,1,333
USA,1990,1,short,2,2276
USA,1990,1,short,3,33
USA,1990,1,short,4,231
USA,1990,1,short,5,94
USA,1990,1,short,6,178
USA,1990,1,short,7,2965
USA,1990,1,short,8,493
USA,1990,1,short,9,192
USA,1990,1,short,10,215
USA,1990,1,short,11,551
USA,1990,1,short,12,320
USA,1990,1,short,13,39
USA,1990,1,short,14,146
USA,1990,1,short,15,174
USA,1990,1,short,16,905
USA,1991,1,short,0,9091
USA,1991,1,short,1,360
USA,1991,1,short,2,2280
USA,1991,1,short,3,33
USA,1991,1,short,4,237
USA,1991,1,short,5,93
USA,1991,1,short,6,179
USA,1991,1,short,7,2919
USA,1991,1,short,8,488
USA,1991,1,short,9,187
USA,1991,1,short,10,208
USA,1991,1,short,11,555
USA,1991,1,short,12,316
USA,1991,1,short,13,38
USA,1991,1,short,14,147
USA,1991,1,short,15,165
USA,1991,1,short,16,885
USA,1992,1,short,0,8968
USA,1992,1,short,1,381
USA,1992,1,short,2,2268
USA,1992,1,short,3,33
USA,1992,1,short,4,239
USA,1992,1,short,5,95
USA,1992,1,short,6,180
USA,1992,1,short,7,2863
USA,1992,1,short,8,480
USA,1992,1,short,9,181
USA,1992,1,short,10,200
USA,1992,1,short,11,545
USA,1992,1,short,12,313
USA,1992,1,short,13,38
USA,1992,1,short,14,149
USA,1992,1,short,15,153
USA,1992,1,short,16,850
USA,1993,1,short,0,9158
USA,1993,1,short,1,406
USA,1993,1,short,2,2279
USA,1993,1,short,3,33
USA,1993,1,short,4,255
USA,1993,1,short,5,102
USA,1993,1,short,6,195
USA,1993,1,short,7,2907
USA,1993,1,short,8,495
USA,1993,1,short,9,183
USA,1993,1,short,10,212
USA,1993,1,short,11,576
USA,1993,1,short,12,311
USA,1993,1,short,13,38
USA,1993,1,short,14,152
USA,1993,1,short,15,147
USA,1993,1,short,16,867
USA,1994,1,short,0,9048
USA,1994,1,short,1,429
USA,1994,1,short,2,2258
USA,1994,1,short,3,33
USA,1994,1,short,4,262
USA,1994,1,short,5,102
USA,1994,1,short,6,204
USA,1994,1,short,7,2825
USA,1994,1,short,8,498
USA,1994,1,short,9,176
USA,1994,1,short,10,205
USA,1994,1,short,11,565
USA,1994,1,short,12,312
USA,1994,1,short,13,40
USA,1994,1,short,14,148
USA,1994,1,short,15,136
USA,1994,1,short,16,855
USA,1995,1,short,0,9016
USA,1995,1,short,1,429
USA,1995,1,short,2,2242
USA,1995,1,short,3,33
USA,1995,1,short,4,272
USA,1995,1,short,5,106
USA,1995,1,short,6,215
USA,1995,1,short,7,2807
USA,1995,1,short,8,503
USA,1995,1,short,9,176
USA,1995,1,short,10,204
USA,1995,1,short,11,564
USA,1995,1,short,12,307
USA,1995,1,short,13,40
USA,1995,1,short,14,151
USA,1995,1,short,15,127
USA,1995,1,short,16,840
USA,1996,1,short,0,8835
USA,1996,1,short,1,342
USA,1996,1,short,2,2218
USA,1996,1,short,3,31
USA,1996,1,short,4,284
USA,1996,1,short,5,107
USA,1996,1,short,6,223
USA,1996,1,short,7,2755
USA,1996,1,short,8,505
USA,1996,1,short,9,173
USA,1996,1,short,10,203
USA,1996,1,short,11,565
USA,1996,1,short,12,302
USA,1996,1,short,13,39
USA,1996,1,short,14,153
USA,1996,1,short,15,120
USA,1996,1,short,16,816
USA,1997,1,short,0,8656
USA,1997,1,short,1,247
USA,1997,1,short,2,2186
USA,1997,1,short,3,30
USA,1997,1,short,4,288
USA,1997,1,short,5,110
USA,1997,1,short,6,228
USA,1997,1,short,7,2698
USA,1997,1,short,8,500
USA,1997,1,short,9,170
USA,1997,1,short,10,207
USA,1997,1,short,11,577
USA,1997,1,short,12,301
USA,1997,1,short,13,39
USA,1997,1,short,14,156
USA,1997,1,short,15,118
USA,1997,1,short,16,799
USA,1998,1,short,0,8574
USA,1998,1,short,1,232
USA,1998,1,short,2,2168
USA,1998,1,short,3,30
USA,1998,1,short,4,298
USA,1998,1,short,5,115
USA,1998,1,short,6,234
USA,1998,1,short,7,2648
USA,1998,1,short,8,485
USA,1998,1,short,9,165
USA,1998,1,short,10,214
USA,1998,1,short,11,585
USA,1998,1,short,12,299
USA,1998,1,short,13,39
USA,1998,1,short,14,160
USA,1998,1,short,15,116
USA,1998,1,short,16,786
USA,1999,1,short,0,8604
USA,1999,1,short,1,244
USA,1999,1,short,2,2157
USA,1999,1,short,3,28
USA,1999,1,short,4,301
USA,1999,1,short,5,124
USA,1999,1,short,6,252
USA,1999,1,short,7,2643
USA,1999,1,short,8,477
USA,1999,1,short,9,155
USA,1999,1,short,10,207
USA,1999,1,short,11,614
USA,1999,1,short,12,304
USA,1999,1,short,13,38
USA,1999,1,short,14,170
USA,1999,1,short,15,113
USA,1999,1,short,16,776
USA,2000,1,short,0,8521
USA,2000,1,short,1,237
USA,2000,1,short,2,2139
USA,2000,1,short,3,28
USA,2000,1,short,4,305
USA,2000,1,short,5,130
USA,2000,1,short,6,265
USA,2000,1,short,7,2571
USA,2000,1,short,8,474
USA,2000,1,short,9,156
USA,2000,1,short,10,211
USA,2000,1,short,11,597
USA,2000,1,short,12,304
USA,2000,1,short,13,39
USA,2000,1,short,14,174
USA,2000,1,short,15,113
USA,2000,1,short,16,777
USA,2001,1,short,0,8472
USA,2001,1,short,1,241
USA,2001,1,short,2,2124
USA,2001,1,short,3,29
USA,2001,1,short,4,313
USA,2001,1,short,5,140
USA,2001,1,short,6,277
USA,2001,1,short,7,2505
USA,2001,1,short,8,457
USA,2001,1,short,9,148
USA,2001,1,short,10,199
USA,2001,1,short,11,591
USA,2001,1,short,12,307
USA,2001,1,short,13,39
USA,2001,1,short,14,179
USA,2001,1,short,15,110
USA,2001,1,short,16,814
USA,2002,1,short,0,8504
USA,2002,1,short,1,251
USA,2002,1,short,2,2112
USA,2002,1,short,3,29
USA,2002,1,short,4,323
USA,2002,1,short,5,151
USA,2002,1,short,6,289
USA,2002,1,short,7,2495
USA,2002,1,short,8,449
USA,2002,1,short,9,146
USA,2002,1,short,10,209
USA,2002,1,short,11,591
USA,2002,1,short,12,308
USA,2002,1,short,13,40
USA,2002,1,short,14,184
USA,2002,1,short,15,110
USA,2002,1,short,16,818
USA,2003,1,short,0,8446
USA,2003,1,short,1,248
USA,2003,1,short,2,2089
USA,2003,1,short,3,29
USA,2003,1,short,4,330
USA,2003,1,short,5,159
USA,2003,1,short,6,303
USA,2003,1,short,7,2443
USA,2003,1,short,8,436
USA,2003,1,short,9,142
USA,2003,1,short,10,206
USA,2003,1,short,11,587
USA,2003,1,short,12,311
USA,2003,1,short,13,41
USA,2003,1,short,14,189
USA,2003,1,short,15,109
USA,2003,1,short,16,823
USA,2004,1,short,0,8226
USA,2004,1,short,1,246
USA,2004,1,short,2,2061
USA,2004,1,short,3,29
USA,2004,1,short,4,327
USA,2004,1,short,5,165
USA,2004,1,short,6,304
USA,2004,1,short,7,2325
USA,2004,1,short,8,413
USA,2004,1,short,9,133
USA,2004,1,short,10,190
USA,2004,1,short,11,573
USA,2004,1,short,12,301
USA,2004,1,short,13,41
USA,2004,1,short,14,188
USA,2004,1,short,15,108
USA,2004,1,short,16,822
USA,2005,1,short,0,8325
USA,2005,1,short,1,250
USA,2005,1,short,2,2067
USA,2005,1,short,3,29
USA,2005,1,short,4,339
USA,2005,1,short,5,185
USA,2005,1,short,6,325
USA,2005,1,short,7,2313
USA,2005,1,short,8,394
USA,2005,1,short,9,133
USA,2005,1,short,10,197
USA,2005,1,short,11,593
USA,2005,1,short,12,304
USA,2005,1,short,13,42
USA,2005,1,short,14,195
USA,2005,1,short,15,108
USA,2005,1,short,16,851
USA,2006,1,short,0,8205
USA,2006,1,short,1,248
USA,2006,1,short,2,2045
USA,2006,1,short,3,26
USA,2006,1,short,4,329
USA,2006,1,short,5,231
USA,2006,1,short,6,333
USA,2006,1,short,7,2241
USA,2006,1,short,8,376
USA,2006,1,short,9,117
USA,2006,1,short,10,178
USA,2006,1,short,11,570
USA,2006,1,short,12,301
USA,2006,1,short,13,40
USA,2006,1,short,14,197
USA,2006,1,short,15,107
USA,2006,1,short,16,865
USA,2007,1,short,0,8137
USA,2007,1,short,1,244
USA,2007,1,short,2,2046
USA,2007,1,short,3,29
USA,2007,1,short,4,328
USA,2007,1,short,5,218
USA,2007,1,short,6,340
USA,2007,1,short,7,2180
USA,2007,1,short,8,370
USA,2007,1,short,9,113
USA,2007,1,short,10,166
USA,2007,1,short,11,582
USA,2007,1,short,12,307
USA,2007,1,short,13,41
USA,2007,1,short,14,199
USA,2007,1,short,15,106
USA,2007,1,short,16,869
USA,2008,1,short,0,8208
USA,2008,1,short,1,245
USA,2008,1,short,2,2048
USA,2008,1,short,3,29
USA,2008,1,short,4,327
USA,2008,1,short,5,246
USA,2008,1,short,6,363
USA,2008,1,short,7,2178
USA,2008,1,short,8,363
USA,2008,1,short,9,104
USA,2008,1,short,10,175
USA,2008,1,short,11,619
USA,2008,1,short,12,314
USA,2008,1,short,13,41
USA,2008,1,short,14,198
USA,2008,1,short,15,102
USA,2008,1,short,16,856
USA,2009,1,short,0,8076
USA,2009,1,short,1,241
USA,2009,1,short,2,2041
USA,2009,1,short,3,29
USA,2009,1,short,4,326
USA,2009,1,short,5,250
USA,2009,1,short,6,361
USA,2009,1,short,7,2134
USA,2009,1,short,8,350
USA,2009,1,short,9,100
USA,2009,1,short,10,170
USA,2009,1,short,11,599
USA,2009,1,short,12,315
USA,2009,1,short,13,40
USA,2009,1,short,14,197
USA,2009,1,short,15,96
USA,2009,1,short,16,826
USA,2010,1,short,0,8108
USA,2010,1,short,1,231
USA,2010,1,short,2,2052
USA,2010,1,short,3,29
USA,2010,1,short,4,328
USA,2010,1,short,5,284
USA,2010,1,short,6,375
USA,2010,1,short,7,2119
USA,2010,1,short,8,349
USA,2010,1,short,9,100
USA,2010,1,short,10,159
USA,2010,1,short,11,606
USA,2010,1,short,12,319
USA,2010,1,short,13,40
USA,2010,1,short,14,204
USA,2010,1,short,15,89
USA,2010,1,short,16,824
USA,2011,1,short,0,8193
USA,2011,1,short,1,231
USA,2011,1,short,2,2045
USA,2011,1,short,3,30
USA,2011,1,short,4,349
USA,2011,1,short,5,314
USA,2011,1,short,6,384
USA,2011,1,short,7,2113
USA,2011,1,short,8,346
USA,2011,1,short,9,98
USA,2011,1,short,10,170
USA,2011,1,short,11,622
USA,2011,1,short,12,326
USA,2011,1,short,13,41
USA,2011,1,short,14,191
USA,2011,1,short,15,87
USA,2011,1,short,16,846
USA,2012,1,short,0,8253
USA,2012,1,short,1,230
USA,2012,1,short,2,2054
USA,2012,1,short,3,31
USA,2012,1,short,4,352
USA,2012,1,short,5,340
USA,2012,1,short,6,391
USA,2012,1,short,7,2129
USA,2012,1,short,8,346
USA,2012,1,short,9,96
USA,2012,1,short,10,159
USA,2012,1,short,11,621
USA,2012,1,short,12,331
USA,2012,1,short,13,42
USA,2012,1,short,14,192
USA,2012,1,short,15,86
USA,2012,1,short,16,853
USA,2013,1,short,0,8401
USA,2013,1,short,1,236
USA,2013,1,short,2,2050
USA,2013,1,short,3,30
USA,2013,1,short,4,363
USA,2013,1,short,5,356
USA,2013,1,short,6,403
USA,2013,1,short,7,2175
USA,2013,1,short,8,350
USA,2013,1,short,9,97
USA,2013,1,short,10,176
USA,2013,1,short,11,643
USA,2013,1,short,12,339
USA,2013,1,short,13,42
USA,2013,1,short,14,197
USA,2013,1,short,15,85
USA,2013,1,short,16,857
USA,2014,1,short,0,8480
USA,2014,1,short,1,233
USA,2014,1,short,2,2060
USA,2014,1,short,3,31
USA,2014,1,short,4,376
USA,2014,1,short,5,347
USA,2014,1,short,6,431
USA,2014,1,short,7,2180
USA,2014,1,short,8,358
USA,2014,1,short,9,98
USA,2014,1,short,10,173
USA,2014,1,short,11,637
USA,2014,1,short,12,346
USA,2014,1,short,13,43
USA,2014,1,short,14,204
USA,2014,1,short,15,84
USA,2014,1,short,16,878
USA,2015,1,short,0,8702
USA,2015,1,short,1,238
USA,2015,1,short,2,2061
USA,2015,1,short,3,32
USA,2015,1,short,4,395
USA,2015,1,short,5,317
USA,2015,1,short,6,486
USA,2015,1,short,7,2232
USA,2015,1,short,8,373
USA,2015,1,short,9,97
USA,2015,1,short,10,174
USA,2015,1,short,11,661
USA,2015,1,short,12,354
USA,2015,1,short,13,44
USA,2015,1,short,14,214
USA,2015,1,short,15,85
USA,2015,1,short,16,939
USA,2016,1,short,0,8808
USA,2016,1,short,1,230
USA,2016,1,short,2,2050
USA,2016,1,short,3,32
USA,2016,1,short,4,403
USA,2016,1,short,5,315
USA,2016,1,short,6,511
USA,2016,1,short,7,2248
USA,2016,1,short,8,378
USA,2016,1,short,9,97
USA,2016,1,short,10,160
USA,2016,1,short,11,663
USA,2016,1,short,12,357
USA,2016,1,short,13,46
USA,2016,1,short,14,215
USA,2016,1,short,15,83
USA,2016,1,short,16,1021
USA,2017,1,short,0,8995
USA,2017,1,short,1,224
USA,2017,1,short,2,2041
USA,2017,1,short,3,32
USA,2017,1,short,4,425
USA,2017,1,short,5,322
USA,2017,1,short,6,545
USA,2017,1,short,7,2294
USA,2017,1,short,8,389
USA,2017,1,short,9,96
USA,2017,1,short,10,169
USA,2017,1,short,11,681
USA,2017,1,short,12,361
USA,2017,1,short,13,47
USA,2017,1,short,14,219
USA,2017,1,short,15,81
USA,2017,1,short,16,1069
USA,2018,1,short,0,9067
USA,2018,1,short,1,219
USA,2018,1,short,2,2031
USA,2018,1,short,3,31
USA,2018,1,short,4,443
USA,2018,1,short,5,322
USA,2018,1,short,6,570
USA,2018,1,short,7,2325
USA,2018,1,short,8,395
USA,2018,1,short,9,95
USA,2018,1,short,10,182
USA,2018,1,short,11,683
USA,2018,1,short,12,367
USA,2018,1,short,13,48
USA,2018,1,short,14,224
USA,2018,1,short,15,78
USA,2018,1,short,16,1054
USA,1979,2,short,0,7529
USA,1979,2,short,1,77
USA,1979,2,short,2,1654
USA,1979,2,short,3,26
USA,1979,2,short,4,227
USA,1979,2,short,5,56
USA,1979,2,short,6,95
USA,1979,2,short,7,2948
USA,1979,2,short,8,869
USA,1979,2,short,9,228
USA,1979,2,short,10,137
USA,1979,2,short,11,202
USA,1979,2,short,12,279
USA,1979,2,short,13,53
USA,1979,2,short,14,125
USA,1979,2,short,15,164
USA,1979,2,short,16,389
USA,1980,2,short,0,7837
USA,1980,2,short,1,87
USA,1980,2,short,2,1702
USA,1980,2,short,3,27
USA,1980,2,short,4,241
USA,1980,2,short,5,63
USA,1980,2,short,6,101
USA,1980,2,short,7,3073
USA,1980,2,short,8,873
USA,1980,2,short,9,231
USA,1980,2,short,10,174
USA,1980,2,short,11,234
USA,1980,2,short,12,290
USA,1980,2,short,13,57
USA,1980,2,short,14,134
USA,1980,2,short,15,163
USA,1980,2,short,16,387
USA,1981,2,short,0,7749
USA,1981,2,short,1,92
USA,1981,2,short,2,1715
USA,1981,2,short,3,27
USA,1981,2,short,4,237
USA,1981,2,short,5,66
USA,1981,2,short,6,105
USA,1981,2,short,7,3018
USA,1981,2,short,8,837
USA,1981,2,short,9,221
USA,1981,2,short,10,171
USA,1981,2,short,11,251
USA,1981,2,short,12,288
USA,1981,2,short,13,58
USA,1981,2,short,14,138
USA,1981,2,short,15,156
USA,1981,2,short,16,369
USA,1982,2,short,0,7716
USA,1982,2,short,1,96
USA,1982,2,short,2,1748
USA,1982,2,short,3,28
USA,1982,2,short,4,235
USA,1982,2,short,5,65
USA,1982,2,short,6,108
USA,1982,2,short,7,3022
USA,1982,2,short,8,804
USA,1982,2,short,9,216
USA,1982,2,short,10,146
USA,1982,2,short,11,260
USA,1982,2,short,12,284
USA,1982,2,short,13,60
USA,1982,2,short,14,144
USA,1982,2,short,15,150
USA,1982,2,short,16,351
USA,1983,2,short,0,7888
USA,1983,2,short,1,104
USA,1983,2,short,2,1777
USA,1983,2,short,3,30
USA,1983,2,short,4,247
USA,1983,2,short,5,73
USA,1983,2,short,6,122
USA,1983,2,short,7,3077
USA,1983,2,short,8,791
USA,1983,2,short,9,218
USA,1983,2,short,10,171
USA,1983,2,short,11,295
USA,1983,2,short,12,280
USA,1983,2,short,13,61
USA,1983,2,short,14,152
USA,1983,2,short,15,143
USA,1983,2,short,16,347
USA,1984,2,short,0,7950
USA,1984,2,short,1,113
USA,1984,2,short,2,1814
USA,1984,2,short,3,32
USA,1984,2,short,4,242
USA,1984,2,short,5,76
USA,1984,2,short,6,133
USA,1984,2,short,7,3051
USA,1984,2,short,8,786
USA,1984,2,short,9,210
USA,1984,2,short,10,179
USA,1984,2,short,11,316
USA,1984,2,short,12,287
USA,1984,2,short,13,65
USA,1984,2,short,14,161
USA,1984,2,short,15,140
USA,1984,2,short,16,347
USA,1985,2,short,0,8094
USA,1985,2,short,1,126
USA,1985,2,short,2,1836
USA,1985,2,short,3,34
USA,1985,2,short,4,251
USA,1985,2,short,5,83
USA,1985,2,short,6,148
USA,1985,2,short,7,3060
USA,1985,2,short,8,781
USA,1985,2,short,9,208
USA,1985,2,short,10,208
USA,1985,2,short,11,352
USA,1985,2,short,12,290
USA,1985,2,short,13,66
USA,1985,2,short,14,171
USA,1985,2,short,15,136
USA,1985,2,short,16,346
USA,1986,2,short,0,8126
USA,1986,2,short,1,133
USA,1986,2,short,2,1856
USA,1986,2,short,3,36
USA,1986,2,short,4,252
USA,1986,2,short,5,86
USA,1986,2,short,6,159
USA,1986,2,short,7,3041
USA,1986,2,short,8,762
USA,1986,2,short,9,203
USA,1986,2,short,10,212
USA,1986,2,short,11,367
USA,1986,2,short,12,291
USA,1986,2,short,13,66
USA,1986,2,short,14,178
USA,1986,2,short,15,133
USA,1986,2,short,16,352
USA,1987,2,short,0,8169
USA,1987,2,short,1,156
USA,1987,2,short,2,1866
USA,1987,2,short,3,33
USA,1987,2,short,4,255
USA,1987,2,short,5,90
USA,1987,2,short,6,175
USA,1987,2,short,7,3017
USA,1987,2,short,8,759
USA,1987,2,short,9,202
USA,1987,2,short,10,207
USA,1987,2,short,11,384
USA,1987,2,short,12,292
USA,1987,2,short,13,67
USA,1987,2,short,14,184
USA,1987,2,short,15,131
USA,1987,2,short,16,353
USA,1988,2,short,0,8315
USA,1988,2,short,1,169
USA,1988,2,short,2,1890
USA,1988,2,short,3,33
USA,1988,2,short,4,268
USA,1988,2,short,5,98
USA,1988,2,short,6,183
USA,1988,2,short,7,3029
USA,1988,2,short,8,756
USA,1988,2,short,9,200
USA,1988,2,short,10,237
USA,1988,2,short,11,409
USA,1988,2,short,12,293
USA,1988,2,short,13,70
USA,1988,2,short,14,189
USA,1988,2,short,15,133
USA,1988,2,short,16,358
USA,1989,2,short,0,8189
USA,1989,2,short,1,164
USA,1989,2,short,2,1915
USA,1989,2,short,3,33
USA,1989,2,short,4,296
USA,1989,2,short,5,98
USA,1989,2,short,6,188
USA,1989,2,short,7,2903
USA,1989,2,short,8,727
USA,1989,2,short,9,188
USA,1989,2,short,10,234
USA,1989,2,short,11,415
USA,1989,2,short,12,290
USA,1989,2,short,13,72
USA,1989,2,short,14,181
USA,1989,2,short,15,135
USA,1989,2,short,16,349
USA,1990,2,short,0,8091
USA,1990,2,short,1,164
USA,1990,2,short,2,1926
USA,1990,2,short,3,33
USA,1990,2,short,4,294
USA,1990,2,short,5,97
USA,1990,2,short,6,194
USA,1990,2,short,7,2827
USA,1990,2,short,8,713
USA,1990,2,short,9,180
USA,1990,2,short,10,241
USA,1990,2,short,11,419
USA,1990,2,short,12,288
USA,1990,2,short,13,72
USA,1990,2,short,14,178
USA,1990,2,short,15,127
USA,1990,2,short,16,337
USA,1991,2,short,0,8091
USA,1991,2,short,1,171
USA,1991,2,short,2,1944
USA,1991,2,short,3,34
USA,1991,2,short,4,297
USA,1991,2,short,5,99
USA,1991,2,short,6,200
USA,1991,2,short,7,2809
USA,1991,2,short,8,701
USA,1991,2,short,9,177
USA,1991,2,short,10,232
USA,1991,2,short,11,440
USA,1991,2,short,12,286
USA,1991,2,short,13,69
USA,1991,2,short,14,179
USA,1991,2,short,15,121
USA,1991,2,short,16,332
USA,1992,2,short,0,8029
USA,1992,2,short,1,176
USA,1992,2,short,2,1946
USA,1992,2,short,3,35
USA,1992,2,short,4,300
USA,1992,2,short,5,100
USA,1992,2,short,6,202
USA,1992,2,short,7,2771
USA,1992,2,short,8,695
USA,1992,2,short,9,175
USA,1992,2,short,10,221
USA,1992,2,short,11,444
USA,1992,2,short,12,284
USA,1992,2,short,13,67
USA,1992,2,short,14,179
USA,1992,2,short,15,116
USA,1992,2,short,16,319
USA,1993,2,short,0,8332
USA,1993,2,short,1,190
USA,1993,2,short,2,1965
USA,1993,2,short,3,35
USA,1993,2,short,4,319
USA,1993,2,short,5,114
USA,1993,2,short,6,229
USA,1993,2,short,7,2864
USA,1993,2,short,8,721
USA,1993,2,short,9,177
USA,1993,2,short,10,243
USA,1993,2,short,11,488
USA,1993,2,short,12,286
USA,1993,2,short,13,72
USA,1993,2,short,14,187
USA,1993,2,short,15,111
USA,1993,2,short,16,332
USA,1994,2,short,0,8305
USA,1994,2,short,1,198
USA,1994,2,short,2,1967
USA,1994,2,short,3,34
USA,1994,2,short,4,329
USA,1994,2,short,5,121
USA,1994,2,short,6,248
USA,1994,2,short,7,2799
USA,1994,2,short,8,728
USA,1994,2,short,9,178
USA,1994,2,short,10,236
USA,1994,2,short,11,491
USA,1994,2,short,12,283
USA,1994,2,short,13,74
USA,1994,2,short,14,188
USA,1994,2,short,15,105
USA,1994,2,short,16,327
USA,1995,2,short,0,8381
USA,1995,2,short,1,206
USA,1995,2,short,2,1972
USA,1995,2,short,3,36
USA,1995,2,short,4,340
USA,1995,2,short,5,126
USA,1995,2,short,6,271
USA,1995,2,short,7,2801
USA,1995,2,short,8,747
USA,1995,2,short,9,175
USA,1995,2,short,10,238
USA,1995,2,short,11,500
USA,1995,2,short,12,278
USA,1995,2,short,13,75
USA,1995,2,short,14,189
USA,1995,2,short,15,98
USA,1995,2,short,16,330
USA,1996,2,short,0,8376
USA,1996,2,short,1,196
USA,1996,2,short,2,1956
USA,1996,2,short,3,35
USA,1996,2,short,4,346
USA,1996,2,short,5,135
USA,1996,2,short,6,286
USA,1996,2,short,7,2762
USA,1996,2,short,8,747
USA,1996,2,short,9,178
USA,1996,2,short,10,239
USA,1996,2,short,11,520
USA,1996,2,short,12,281
USA,1996,2,short,13,76
USA,1996,2,short,14,191
USA,1996,2,short,15,93
USA,1996,2,short,16,334
USA,1997,2,short,0,8348
USA,1997,2,short,1,185
USA,1997,2,short,2,1942
USA,1997,2,short,3,36
USA,1997,2,short,4,352
USA,1997,2,short,5,142
USA,1997,2,short,6,307
USA,1997,2,short,7,2712
USA,1997,2,short,8,739
USA,1997,2,short,9,175
USA,1997,2,short,10,243
USA,1997,2,short,11,533
USA,1997,2,short,12,286
USA,1997,2,short,13,79
USA,1997,2,short,14,196
USA,1997,2,short,15,91
USA,1997,2,short,16,331
USA,1998,2,short,0,8398
USA,1998,2,short,1,186
USA,1998,2,short,2,1932
USA,1998,2,short,3,37
USA,1998,2,short,4,359
USA,1998,2,short,5,157
USA,1998,2,short,6,320
USA,1998,2,short,7,2694
USA,1998,2,short,8,734
USA,1998,2,short,9,170
USA,1998,2,short,10,260
USA,1998,2,short,11,554
USA,1998,2,short,12,284
USA,1998,2,short,13,80
USA,1998,2,short,14,203
USA,1998,2,short,15,92
USA,1998,2,short,16,335
USA,1999,2,short,0,8563
USA,1999,2,short,1,202
USA,1999,2,short,2,1923
USA,1999,2,short,3,37
USA,1999,2,short,4,370
USA,1999,2,short,5,181
USA,1999,2,short,6,354
USA,1999,2,short,7,2733
USA,1999,2,short,8,734
USA,1999,2,short,9,170
USA,1999,2,short,10,260
USA,1999,2,short,11,583
USA,1999,2,short,12,289
USA,1999,2,short,13,85
USA,1999,2,short,14,217
USA,1999,2,short,15,90
USA,1999,2,short,16,336
USA,2000,2,short,0,8546
USA,2000,2,short,1,198
USA,2000,2,short,2,1931
USA,2000,2,short,3,39
USA,2000,2,short,4,371
USA,2000,2,short,5,200
USA,2000,2,short,6,386
USA,2000,2,short,7,2661
USA,2000,2,short,8,727
USA,2000,2,short,9,167
USA,2000,2,short,10,262
USA,2000,2,short,11,587
USA,2000,2,short,12,291
USA,2000,2,short,13,86
USA,2000,2,short,14,220
USA,2000,2,short,15,88
USA,2000,2,short,16,332
USA,2001,2,short,0,8514
USA,2001,2,short,1,201
USA,2001,2,short,2,1910
USA,2001,2,short,3,39
USA,2001,2,short,4,375
USA,2001,2,short,5,220
USA,2001,2,short,6,406
USA,2001,2,short,7,2608
USA,2001,2,short,8,703
USA,2001,2,short,9,165
USA,2001,2,short,10,245
USA,2001,2,short,11,598
USA,2001,2,short,12,295
USA,2001,2,short,13,87
USA,2001,2,short,14,228
USA,2001,2,short,15,86
USA,2001,2,short,16,348
USA,2002,2,short,0,8512
USA,2002,2,short,1,211
USA,2002,2,short,2,1902
USA,2002,2,short,3,39
USA,2002,2,short,4,376
USA,2002,2,short,5,241
USA,2002,2,short,6,434
USA,2002,2,short,7,2553
USA,2002,2,short,8,694
USA,2002,2,short,9,159
USA,2002,2,short,10,257
USA,2002,2,short,11,593
USA,2002,2,short,12,294
USA,2002,2,short,13,88
USA,2002,2,short,14,229
USA,2002,2,short,15,87
USA,2002,2,short,16,356
USA,2003,2,short,0,8452
USA,2003,2,short,1,215
USA,2003,2,short,2,1890
USA,2003,2,short,3,38
USA,2003,2,short,4,370
USA,2003,2,short,5,259
USA,2003,2,short,6,459
USA,2003,2,short,7,2493
USA,2003,2,short,8,663
USA,2003,2,short,9,154
USA,2003,2,short,10,253
USA,2003,2,short,11,599
USA,2003,2,short,12,292
USA,2003,2,short,13,88
USA,2003,2,short,14,234
USA,2003,2,short,15,85
USA,2003,2,short,16,361
USA,2004,2,short,0,8173
USA,2004,2,short,1,213
USA,2004,2,short,2,1859
USA,2004,2,short,3,37
USA,2004,2,short,4,357
USA,2004,2,short,5,261
USA,2004,2,short,6,466
USA,2004,2,short,7,2349
USA,2004,2,short,8,622
USA,2004,2,short,9,145
USA,2004,2,short,10,226
USA,2004,2,short,11,580
USA,2004,2,short,12,286
USA,2004,2,short,13,86
USA,2004,2,short,14,233
USA,2004,2,short,15,84
USA,2004,2,short,16,369
USA,2005,2,short,0,8261
USA,2005,2,short,1,220
USA,2005,2,short,2,1856
USA,2005,2,short,3,37
USA,2005,2,short,4,367
USA,2005,2,short,5,304
USA,2005,2,short,6,499
USA,2005,2,short,7,2328
USA,2005,2,short,8,588
USA,2005,2,short,9,143
USA,2005,2,short,10,239
USA,2005,2,short,11,612
USA,2005,2,short,12,282
USA,2005,2,short,13,85
USA,2005,2,short,14,240
USA,2005,2,short,15,85
USA,2005,2,short,16,375
USA,2006,2,short,0,8078
USA,2006,2,short,1,222
USA,2006,2,short,2,1846
USA,2006,2,short,3,34
USA,2006,2,short,4,344
USA,2006,2,short,5,391
USA,2006,2,short,6,501
USA,2006,2,short,7,2213
USA,2006,2,short,8,553
USA,2006,2,short,9,122
USA,2006,2,short,10,208
USA,2006,2,short,11,582
USA,2006,2,short,12,280
USA,2006,2,short,13,80
USA,2006,2,short,14,239
USA,2006,2,short,15,84
USA,2006,2,short,16,381
USA,2007,2,short,0,7971
USA,2007,2,short,1,222
USA,2007,2,short,2,1830
USA,2007,2,short,3,37
USA,2007,2,short,4,338
USA,2007,2,short,5,389
USA,2007,2,short,6,513
USA,2007,2,short,7,2131
USA,2007,2,short,8,544
USA,2007,2,short,9,117
USA,2007,2,short,10,192
USA,2007,2,short,11,589
USA,2007,2,short,12,277
USA,2007,2,short,13,79
USA,2007,2,short,14,241
USA,2007,2,short,15,84
USA,2007,2,short,16,388
USA,2008,2,short,0,8065
USA,2008,2,short,1,228
USA,2008,2,short,2,1818
USA,2008,2,short,3,37
USA,2008,2,short,4,335
USA,2008,2,short,5,452
USA,2008,2,short,6,548
USA,2008,2,short,7,2116
USA,2008,2,short,8,532
USA,2008,2,short,9,109
USA,2008,2,short,10,205
USA,2008,2,short,11,636
USA,2008,2,short,12,280
USA,2008,2,short,13,78
USA,2008,2,short,14,229
USA,2008,2,short,15,80
USA,2008,2,short,16,384
USA,2009,2,short,0,7826
USA,2009,2,short,1,221
USA,2009,2,short,2,1807
USA,2009,2,short,3,35
USA,2009,2,short,4,323
USA,2009,2,short,5,453
USA,2009,2,short,6,526
USA,2009,2,short,7,2010
USA,2009,2,short,8,502
USA,2009,2,short,9,103
USA,2009,2,short,10,189
USA,2009,2,short,11,620
USA,2009,2,short,12,278
USA,2009,2,short,13,75
USA,2009,2,short,14,230
USA,2009,2,short,15,76
USA,2009,2,short,16,379
USA,2010,2,short,0,7866
USA,2010,2,short,1,213
USA,2010,2,short,2,1811
USA,2010,2,short,3,35
USA,2010,2,short,4,321
USA,2010,2,short,5,510
USA,2010,2,short,6,551
USA,2010,2,short,7,1986
USA,2010,2,short,8,501
USA,2010,2,short,9,101
USA,2010,2,short,10,173
USA,2010,2,short,11,619
USA,2010,2,short,12,280
USA,2010,2,short,13,73
USA,2010,2,short,14,232
USA,2010,2,short,15,72
USA,2010,2,short,16,388
USA,2011,2,short,0,7963
USA,2011,2,short,1,218
USA,2011,2,short,2,1803
USA,2011,2,short,3,36
USA,2011,2,short,4,335
USA,2011,2,short,5,574
USA,2011,2,short,6,561
USA,2011,2,short,7,1965
USA,2011,2,short,8,494
USA,2011,2,short,9,98
USA,2011,2,short,10,185
USA,2011,2,short,11,644
USA,2011,2,short,12,287
USA,2011,2,short,13,75
USA,2011,2,short,14,217
USA,2011,2,short,15,70
USA,2011,2,short,16,401
USA,2012,2,short,0,7965
USA,2012,2,short,1,213
USA,2012,2,short,2,1807
USA,2012,2,short,3,37
USA,2012,2,short,4,333
USA,2012,2,short,5,620
USA,2012,2,short,6,556
USA,2012,2,short,7,1951
USA,2012,2,short,8,487
USA,2012,2,short,9,98
USA,2012,2,short,10,172
USA,2012,2,short,11,642
USA,2012,2,short,12,286
USA,2012,2,short,13,73
USA,2012,2,short,14,216
USA,2012,2,short,15,69
USA,2012,2,short,16,405
USA,2013,2,short,0,8044
USA,2013,2,short,1,217
USA,2013,2,short,2,1794
USA,2013,2,short,3,35
USA,2013,2,short,4,338
USA,2013,2,short,5,648
USA,2013,2,short,6,570
USA,2013,2,short,7,1951
USA,2013,2,short,8,478
USA,2013,2,short,9,96
USA,2013,2,short,10,193
USA,2013,2,short,11,661
USA,2013,2,short,12,292
USA,2013,2,short,13,72
USA,2013,2,short,14,221
USA,2013,2,short,15,68
USA,2013,2,short,16,409
USA,2014,2,short,0,8033
USA,2014,2,short,1,215
USA,2014,2,short,2,1800
USA,2014,2,short,3,37
USA,2014,2,short,4,341
USA,2014,2,short,5,611
USA,2014,2,short,6,618
USA,2014,2,short,7,1923
USA,2014,2,short,8,488
USA,2014,2,short,9,93
USA,2014,2,short,10,182
USA,2014,2,short,11,649
USA,2014,2,short,12,296
USA,2014,2,short,13,69
USA,2014,2,short,14,224
USA,2014,2,short,15,67
USA,2014,2,short,16,419
USA,2015,2,short,0,8229
USA,2015,2,short,1,217
USA,2015,2,short,2,1798
USA,2015,2,short,3,36
USA,2015,2,short,4,353
USA,2015,2,short,5,543
USA,2015,2,short,6,713
USA,2015,2,short,7,1974
USA,2015,2,short,8,511
USA,2015,2,short,9,94
USA,2015,2,short,10,190
USA,2015,2,short,11,684
USA,2015,2,short,12,306
USA,2015,2,short,13,71
USA,2015,2,short,14,230
USA,2015,2,short,15,68
USA,2015,2,short,16,441
USA,2016,2,short,0,8202
USA,2016,2,short,1,209
USA,2016,2,short,2,1793
USA,2016,2,short,3,37
USA,2016,2,short,4,357
USA,2016,2,short,5,515
USA,2016,2,short,6,754
USA,2016,2,short,7,1945
USA,2016,2,short,8,513
USA,2016,2,short,9,91
USA,2016,2,short,10,165
USA,2016,2,short,11,676
USA,2016,2,short,12,307
USA,2016,2,short,13,71
USA,2016,2,short,14,233
USA,2016,2,short,15,68
USA,2016,2,short,16,467
USA,2017,2,short,0,8336
USA,2017,2,short,1,208
USA,2017,2,short,2,1784
USA,2017,2,short,3,36
USA,2017,2,short,4,372
USA,2017,2,short,5,522
USA,2017,2,short,6,798
USA,2017,2,short,7,1960
USA,2017,2,short,8,521
USA,2017,2,short,9,91
USA,2017,2,short,10,181
USA,2017,2,short,11,701
USA,2017,2,short,12,310
USA,2017,2,short,13,70
USA,2017,2,short,14,233
USA,2017,2,short,15,64
USA,2017,2,short,16,485
USA,2018,2,short,0,8329
USA,2018,2,short,1,201
USA,2018,2,short,2,1773
USA,2018,2,short,3,36
USA,2018,2,short,4,382
USA,2018,2,short,5,515
USA,2018,2,short,6,820
USA,2018,2,short,7,1959
USA,2018,2,short,8,520
USA,2018,2,short,9,89
USA,2018,2,short,10,188
USA,2018,2,short,11,696
USA,2018,2,short,12,313
USA,2018,2,short,13,70
USA,2018,2,short,14,230
USA,2018,2,short,15,62
USA,2018,2,short,16,477
USA,1979,3,short,0,8525
USA,1979,3,short,1,84
USA,1979,3,short,2,1866
USA,1979,3,short,3,26
USA,1979,3,short,4,205
USA,1979,3,short,5,66
USA,1979,3,short,6,106
USA,1979,3,short,7,3289
USA,1979,3,short,8,769
USA,1979,3,short,9,237
USA,1979,3,short,10,148
USA,1979,3,short,11,319
USA,1979,3,short,12,322
USA,1979,3,short,13,43
USA,1979,3,short,14,130
USA,1979,3,short,15,194
USA,1979,3,short,16,721
USA,1980,3,short,0,8765
USA,1980,3,short,1,93
USA,1980,3,short,2,1908
USA,1980,3,short,3,27
USA,1980,3,short,4,215
USA,1980,3,short,5,73
USA,1980,3,short,6,111
USA,1980,3,short,7,3373
USA,1980,3,short,8,767
USA,1980,3,short,9,239
USA,1980,3,short,10,179
USA,1980,3,short,11,353
USA,1980,3,short,12,332
USA,1980,3,short,13,46
USA,1980,3,short,14,137
USA,1980,3,short,15,192
USA,1980,3,short,16,722
USA,1981,3,short,0,8624
USA,1981,3,short,1,97
USA,1981,3,short,2,1914
USA,1981,3,short,3,27
USA,1981,3,short,4,212
USA,1981,3,short,5,74
USA,1981,3,short,6,115
USA,1981,3,short,7,3302
USA,1981,3,short,8,731
USA,1981,3,short,9,229
USA,1981,3,short,10,175
USA,1981,3,short,11,366
USA,1981,3,short,12,324
USA,1981,3,short,13,47
USA,1981,3,short,14,138
USA,1981,3,short,15,182
USA,1981,3,short,16,692
USA,1982,3,short,0,8528
USA,1982,3,short,1,101
USA,1982,3,short,2,1949
USA,1982,3,short,3,28
USA,1982,3,short,4,211
USA,1982,3,short,5,72
USA,1982,3,short,6,116
USA,1982,3,short,7,3275
USA,1982,3,short,8,697
USA,1982,3,short,9,222
USA,1982,3,short,10,154
USA,1982,3,short,11,369
USA,1982,3,short,12,315
USA,1982,3,short,13,47
USA,1982,3,short,14,142
USA,1982,3,short,15,177
USA,1982,3,short,16,654
USA,1983,3,short,0,8641
USA,1983,3,short,1,110
USA,1983,3,short,2,1972
USA,1983,3,short,3,31
USA,1983,3,short,4,219
USA,1983,3,short,5,79
USA,1983,3,short,6,130
USA,1983,3,short,7,3304
USA,1983,3,short,8,686
USA,1983,3,short,9,223
USA,1983,3,short,10,175
USA,1983,3,short,11,403
USA,1983,3,short,12,313
USA,1983,3,short,13,49
USA,1983,3,short,14,147
USA,1983,3,short,15,167
USA,1983,3,short,16,630
USA,1984,3,short,0,8651
USA,1984,3,short,1,119
USA,1984,3,short,2,2002
USA,1984,3,short,3,35
USA,1984,3,short,4,216
USA,1984,3,short,5,80
USA,1984,3,short,6,140
USA,1984,3,short,7,3249
USA,1984,3,short,8,677
USA,1984,3,short,9,216
USA,1984,3,short,10,182
USA,1984,3,short,11,419
USA,1984,3,short,12,316
USA,1984,3,short,13,52
USA,1984,3,short,14,156
USA,1984,3,short,15,163
USA,1984,3,short,16,628
USA,1985,3,short,0,8773
USA,1985,3,short,1,133
USA,1985,3,short,2,2024
USA,1985,3,short,3,43
USA,1985,3,short,4,224
USA,1985,3,short,5,88
USA,1985,3,short,6,153
USA,1985,3,short,7,3241
USA,1985,3,short,8,670
USA,1985,3,short,9,213
USA,1985,3,short,10,207
USA,1985,3,short,11,452
USA,1985,3,short,12,318
USA,1985,3,short,13,54
USA,1985,3,short,14,164
USA,1985,3,short,15,163
USA,1985,3,short,16,626
USA,1986,3,short,0,8772
USA,1986,3,short,1,146
USA,1986,3,short,2,2041
USA,1986,3,short,3,53
USA,1986,3,short,4,225
USA,1986,3,short,5,90
USA,1986,3,short,6,162
USA,1986,3,short,7,3182
USA,1986,3,short,8,651
USA,1986,3,short,9,207
USA,1986,3,short,10,212
USA,1986,3,short,11,462
USA,1986,3,short,12,314
USA,1986,3,short,13,55
USA,1986,3,short,14,170
USA,1986,3,short,15,158
USA,1986,3,short,16,644
USA,1987,3,short,0,8767
USA,1987,3,short,1,204
USA,1987,3,short,2,2048
USA,1987,3,short,3,32
USA,1987,3,short,4,229
USA,1987,3,short,5,93
USA,1987,3,short,6,175
USA,1987,3,short,7,3131
USA,1987,3,short,8,647
USA,1987,3,short,9,206
USA,1987,3,short,10,205
USA,1987,3,short,11,467
USA,1987,3,short,12,315
USA,1987,3,short,13,53
USA,1987,3,short,14,173
USA,1987,3,short,15,154
USA,1987,3,short,16,635
USA,1988,3,short,0,8870
USA,1988,3,short,1,223
USA,1988,3,short,2,2065
USA,1988,3,short,3,32
USA,1988,3,short,4,240
USA,1988,3,short,5,100
USA,1988,3,short,6,181
USA,1988,3,short,7,3122
USA,1988,3,short,8,647
USA,1988,3,short,9,203
USA,1988,3,short,10,229
USA,1988,3,short,11,488
USA,1988,3,short,12,316
USA,1988,3,short,13,55
USA,1988,3,short,14,175
USA,1988,3,short,15,155
USA,1988,3,short,16,639
USA,1989,3,short,0,8713
USA,1989,3,short,1,239
USA,1989,3,short,2,2085
USA,1989,3,short,3,32
USA,1989,3,short,4,264
USA,1989,3,short,5,98
USA,1989,3,short,6,184
USA,1989,3,short,7,2980
USA,1989,3,short,8,619
USA,1989,3,short,9,193
USA,1989,3,short,10,223
USA,1989,3,short,11,481
USA,1989,3,short,12,311
USA,1989,3,short,13,57
USA,1989,3,short,14,166
USA,1989,3,short,15,157
USA,1989,3,short,16,625
USA,1990,3,short,0,8606
USA,1990,3,short,1,247
USA,1990,3,short,2,2097
USA,1990,3,short,3,33
USA,1990,3,short,4,263
USA,1990,3,short,5,96
USA,1990,3,short,6,186
USA,1990,3,short,7,2894
USA,1990,3,short,8,606
USA,1990,3,short,9,186
USA,1990,3,short,10,229
USA,1990,3,short,11,483
USA,1990,3,short,12,304
USA,1990,3,short,13,56
USA,1990,3,short,14,162
USA,1990,3,short,15,150
USA,1990,3,short,16,614
USA,1991,3,short,0,8579
USA,1991,3,short,1,263
USA,1991,3,short,2,2108
USA,1991,3,short,3,33
USA,1991,3,short,4,268
USA,1991,3,short,5,96
USA,1991,3,short,6,190
USA,1991,3,short,7,2863
USA,1991,3,short,8,597
USA,1991,3,short,9,182
USA,1991,3,short,10,220
USA,1991,3,short,11,496
USA,1991,3,short,12,301
USA,1991,3,short,13,54
USA,1991,3,short,14,163
USA,1991,3,short,15,143
USA,1991,3,short,16,602
USA,1992,3,short,0,8487
USA,1992,3,short,1,276
USA,1992,3,short,2,2103
USA,1992,3,short,3,34
USA,1992,3,short,4,270
USA,1992,3,short,5,97
USA,1992,3,short,6,191
USA,1992,3,short,7,2816
USA,1992,3,short,8,590
USA,1992,3,short,9,178
USA,1992,3,short,10,211
USA,1992,3,short,11,493
USA,1992,3,short,12,298
USA,1992,3,short,13,53
USA,1992,3,short,14,164
USA,1992,3,short,15,134
USA,1992,3,short,16,578
USA,1993,3,short,0,8735
USA,1993,3,short,1,295
USA,1993,3,short,2,2119
USA,1993,3,short,3,34
USA,1993,3,short,4,287
USA,1993,3,short,5,108
USA,1993,3,short,6,212
USA,1993,3,short,7,2885
USA,1993,3,short,8,611
USA,1993,3,short,9,180
USA,1993,3,short,10,228
USA,1993,3,short,11,531
USA,1993,3,short,12,298
USA,1993,3,short,13,55
USA,1993,3,short,14,170
USA,1993,3,short,15,128
USA,1993,3,short,16,593
USA,1994,3,short,0,8668
USA,1994,3,short,1,311
USA,1994,3,short,2,2109
USA,1994,3,short,3,34
USA,1994,3,short,4,297
USA,1994,3,short,5,112
USA,1994,3,short,6,227
USA,1994,3,short,7,2812
USA,1994,3,short,8,616
USA,1994,3,short,9,177
USA,1994,3,short,10,221
USA,1994,3,short,11,527
USA,1994,3,short,12,297
USA,1994,3,short,13,57
USA,1994,3,short,14,168
USA,1994,3,short,15,120
USA,1994,3,short,16,585
USA,1995,3,short,0,8692
USA,1995,3,short,1,315
USA,1995,3,short,2,2104
USA,1995,3,short,3,35
USA,1995,3,short,4,307
USA,1995,3,short,5,116
USA,1995,3,short,6,244
USA,1995,3,short,7,2804
USA,1995,3,short,8,628
USA,1995,3,short,9,176
USA,1995,3,short,10,221
USA,1995,3,short,11,531
USA,1995,3,short,12,292
USA,1995,3,short,13,58
USA,1995,3,short,14,170
USA,1995,3,short,15,112
USA,1995,3,short,16,579
USA,1996,3,short,0,8601
USA,1996,3,short,1,268
USA,1996,3,short,2,2085
USA,1996,3,short,3,33
USA,1996,3,short,4,316
USA,1996,3,short,5,121
USA,1996,3,short,6,255
USA,1996,3,short,7,2759
USA,1996,3,short,8,629
USA,1996,3,short,9,175
USA,1996,3,short,10,221
USA,1996,3,short,11,542
USA,1996,3,short,12,291
USA,1996,3,short,13,58
USA,1996,3,short,14,173
USA,1996,3,short,15,106
USA,1996,3,short,16,570
USA,1997,3,short,0,8499
USA,1997,3,short,1,215
USA,1997,3,short,2,2062
USA,1997,3,short,3,33
USA,1997,3,short,4,321
USA,1997,3,short,5,126
USA,1997,3,short,6,268
USA,1997,3,short,7,2705
USA,1997,3,short,8,622
USA,1997,3,short,9,172
USA,1997,3,short,10,225
USA,1997,3,short,11,554
USA,1997,3,short,12,293
USA,1997,3,short,13,59
USA,1997,3,short,14,177
USA,1997,3,short,15,104
USA,1997,3,short,16,561
USA,1998,3,short,0,8484
USA,1998,3,short,1,209
USA,1998,3,short,2,2048
USA,1998,3,short,3,34
USA,1998,3,short,4,329
USA,1998,3,short,5,136
USA,1998,3,short,6,278
USA,1998,3,short,7,2671
USA,1998,3,short,8,612
USA,1998,3,short,9,167
USA,1998,3,short,10,238
USA,1998,3,short,11,569
USA,1998,3,short,12,292
USA,1998,3,short,13,60
USA,1998,3,short,14,182
USA,1998,3,short,15,104
USA,1998,3,short,16,556
USA,1999,3,short,0,8583
USA,1999,3,short,1,223
USA,1999,3,short,2,2038
USA,1999,3,short,3,33
USA,1999,3,short,4,336
USA,1999,3,short,5,153
USA,1999,3,short,6,304
USA,1999,3,short,7,2689
USA,1999,3,short,8,608
USA,1999,3,short,9,162
USA,1999,3,short,10,234
USA,1999,3,short,11,598
USA,1999,3,short,12,296
USA,1999,3,short,13,62
USA,1999,3,short,14,194
USA,1999,3,short,15,101
USA,1999,3,short,16,552
USA,2000,3,short,0,8534
USA,2000,3,short,1,218
USA,2000,3,short,2,2033
USA,2000,3,short,3,34
USA,2000,3,short,4,339
USA,2000,3,short,5,166
USA,2000,3,short,6,326
USA,2000,3,short,7,2617
USA,2000,3,short,8,603
USA,2000,3,short,9,162
USA,2000,3,short,10,237
USA,2000,3,short,11,592
USA,2000,3,short,12,298
USA,2000,3,short,13,63
USA,2000,3,short,14,197
USA,2000,3,short,15,100
USA,2000,3,short,16,550
USA,2001,3,short,0,8493
USA,2001,3,short,1,220
USA,2001,3,short,2,2015
USA,2001,3,short,3,34
USA,2001,3,short,4,344
USA,2001,3,short,5,181
USA,2001,3,short,6,343
USA,2001,3,short,7,2557
USA,2001,3,short,8,582
USA,2001,3,short,9,157
USA,2001,3,short,10,223
USA,2001,3,short,11,594
USA,2001,3,short,12,301
USA,2001,3,short,13,63
USA,2001,3,short,14,204
USA,2001,3,short,15,97
USA,2001,3,short,16,577
USA,2002,3,short,0,8508
USA,2002,3,short,1,231
USA,2002,3,short,2,2005
USA,2002,3,short,3,34
USA,2002,3,short,4,350
USA,2002,3,short,5,197
USA,2002,3,short,6,363
USA,2002,3,short,7,2524
USA,2002,3,short,8,573
USA,2002,3,short,9,153
USA,2002,3,short,10,233
USA,2002,3,short,11,592
USA,2002,3,short,12,301
USA,2002,3,short,13,65
USA,2002,3,short,14,207
USA,2002,3,short,15,99
USA,2002,3,short,16,583
USA,2003,3,short,0,8449
USA,2003,3,short,1,231
USA,2003,3,short,2,1988
USA,2003,3,short,3,34
USA,2003,3,short,4,350
USA,2003,3,short,5,210
USA,2003,3,short,6,383
USA,2003,3,short,7,2468
USA,2003,3,short,8,551
USA,2003,3,short,9,148
USA,2003,3,short,10,230
USA,2003,3,short,11,593
USA,2003,3,short,12,302
USA,2003,3,short,13,65
USA,2003,3,short,14,212
USA,2003,3,short,15,97
USA,2003,3,short,16,588
USA,2004,3,short,0,8199
USA,2004,3,short,1,229
USA,2004,3,short,2,1959
USA,2004,3,short,3,33
USA,2004,3,short,4,342
USA,2004,3,short,5,213
USA,2004,3,short,6,387
USA,2004,3,short,7,2337
USA,2004,3,short,8,520
USA,2004,3,short,9,139
USA,2004,3,short,10,208
USA,2004,3,short,11,576
USA,2004,3,short,12,293
USA,2004,3,short,13,64
USA,2004,3,short,14,211
USA,2004,3,short,15,96
USA,2004,3,short,16,592
USA,2005,3,short,0,8293
USA,2005,3,short,1,235
USA,2005,3,short,2,1960
USA,2005,3,short,3,33
USA,2005,3,short,4,353
USA,2005,3,short,5,246
USA,2005,3,short,6,414
USA,2005,3,short,7,2321
USA,2005,3,short,8,493
USA,2005,3,short,9,138
USA,2005,3,short,10,218
USA,2005,3,short,11,602
USA,2005,3,short,12,293
USA,2005,3,short,13,64
USA,2005,3,short,14,218
USA,2005,3,short,15,96
USA,2005,3,short,16,609
USA,2006,3,short,0,8140
USA,2006,3,short,1,235
USA,2006,3,short,2,1944
USA,2006,3,short,3,30
USA,2006,3,short,4,336
USA,2006,3,short,5,313
USA,2006,3,short,6,418
USA,2006,3,short,7,2227
USA,2006,3,short,8,466
USA,2006,3,short,9,119
USA,2006,3,short,10,193
USA,2006,3,short,11,576
USA,2006,3,short,12,290
USA,2006,3,short,13,60
USA,2006,3,short,14,219
USA,2006,3,short,15,95
USA,2006,3,short,16,619
USA,2007,3,short,0,8053
USA,2007,3,short,1,233
USA,2007,3,short,2,1937
USA,2007,3,short,3,33
USA,2007,3,short,4,333
USA,2007,3,short,5,305
USA,2007,3,short,6,428
USA,2007,3,short,7,2155
USA,2007,3,short,8,458
USA,2007,3,short,9,115
USA,2007,3,short,10,179
USA,2007,3,short,11,585
USA,2007,3,short,12,292
USA,2007,3,short,13,60
USA,2007,3,short,14,221
USA,2007,3,short,15,95
USA,2007,3,short,16,624
USA,2008,3,short,0,8135
USA,2008,3,short,1,236
USA,2008,3,short,2,1931
USA,2008,3,short,3,33
USA,2008,3,short,4,331
USA,2008,3,short,5,351
USA,2008,3,short,6,457
USA,2008,3,short,7,2147
USA,2008,3,short,8,449
USA,2008,3,short,9,106
USA,2008,3,short,10,190
USA,2008,3,short,11,628
USA,2008,3,short,12,296
USA,2008,3,short,13,60
USA,2008,3,short,14,213
USA,2008,3,short,15,91
USA,2008,3,short,16,616
USA,2009,3,short,0,7949
USA,2009,3,short,1,230
USA,2009,3,short,2,1922
USA,2009,3,short,3,32
USA,2009,3,short,4,324
USA,2009,3,short,5,353
USA,2009,3,short,6,445
USA,2009,3,short,7,2071
USA,2009,3,short,8,427
USA,2009,3,short,9,102
USA,2009,3,short,10,180
USA,2009,3,short,11,610
USA,2009,3,short,12,296
USA,2009,3,short,13,57
USA,2009,3,short,14,214
USA,2009,3,short,15,86
USA,2009,3,short,16,599
USA,2010,3,short,0,7985
USA,2010,3,short,1,222
USA,2010,3,short,2,1930
USA,2010,3,short,3,32
USA,2010,3,short,4,324
USA,2010,3,short,5,399
USA,2010,3,short,6,464
USA,2010,3,short,7,2051
USA,2010,3,short,8,426
USA,2010,3,short,9,101
USA,2010,3,short,10,166
USA,2010,3,short,11,613
USA,2010,3,short,12,299
USA,2010,3,short,13,57
USA,2010,3,short,14,218
USA,2010,3,short,15,80
USA,2010,3,short,16,602
USA,2011,3,short,0,8076
USA,2011,3,short,1,224
USA,2011,3,short,2,1922
USA,2011,3,short,3,33
USA,2011,3,short,4,342
USA,2011,3,short,5,446
USA,2011,3,short,6,474
USA,2011,3,short,7,2038
USA,2011,3,short,8,421
USA,2011,3,short,9,98
USA,2011,3,short,10,177
USA,2011,3,short,11,633
USA,2011,3,short,12,306
USA,2011,3,short,13,58
USA,2011,3,short,14,204
USA,2011,3,short,15,79
USA,2011,3,short,16,620
USA,2012,3,short,0,8107
USA,2012,3,short,1,221
USA,2012,3,short,2,1929
USA,2012,3,short,3,34
USA,2012,3,short,4,343
USA,2012,3,short,5,482
USA,2012,3,short,6,475
USA,2012,3,short,7,2039
USA,2012,3,short,8,417
USA,2012,3,short,9,97
USA,2012,3,short,10,166
USA,2012,3,short,11,632
USA,2012,3,short,12,308
USA,2012,3,short,13,58
USA,2012,3,short,14,204
USA,2012,3,short,15,77
USA,2012,3,short,16,626
USA,2013,3,short,0,8220
USA,2013,3,short,1,226
USA,2013,3,short,2,1920
USA,2013,3,short,3,33
USA,2013,3,short,4,350
USA,2013,3,short,5,504
USA,2013,3,short,6,488
USA,2013,3,short,7,2061
USA,2013,3,short,8,415
USA,2013,3,short,9,97
USA,2013,3,short,10,185
USA,2013,3,short,11,653
USA,2013,3,short,12,315
USA,2013,3,short,13,57
USA,2013,3,short,14,209
USA,2013,3,short,15,77
USA,2013,3,short,16,630
USA,2014,3,short,0,8253
USA,2014,3,short,1,224
USA,2014,3,short,2,1928
USA,2014,3,short,3,34
USA,2014,3,short,4,358
USA,2014,3,short,5,481
USA,2014,3,short,6,526
USA,2014,3,short,7,2049
USA,2014,3,short,8,424
USA,2014,3,short,9,96
USA,2014,3,short,10,177
USA,2014,3,short,11,643
USA,2014,3,short,12,321
USA,2014,3,short,13,57
USA,2014,3,short,14,214
USA,2014,3,short,15,76
USA,2014,3,short,16,645
USA,2015,3,short,0,8462
USA,2015,3,short,1,227
USA,2015,3,short,2,1927
USA,2015,3,short,3,34
USA,2015,3,short,4,374
USA,2015,3,short,5,432
USA,2015,3,short,6,601
USA,2015,3,short,7,2101
USA,2015,3,short,8,443
USA,2015,3,short,9,95
USA,2015,3,short,10,182
USA,2015,3,short,11,673
USA,2015,3,short,12,330
USA,2015,3,short,13,58
USA,2015,3,short,14,222
USA,2015,3,short,15,76
USA,2015,3,short,16,686
USA,2016,3,short,0,8500
USA,2016,3,short,1,219
USA,2016,3,short,2,1920
USA,2016,3,short,3,34
USA,2016,3,short,4,380
USA,2016,3,short,5,416
USA,2016,3,short,6,634
USA,2016,3,short,7,2095
USA,2016,3,short,8,446
USA,2016,3,short,9,94
USA,2016,3,short,10,163
USA,2016,3,short,11,670
USA,2016,3,short,12,332
USA,2016,3,short,13,59
USA,2016,3,short,14,224
USA,2016,3,short,15,75
USA,2016,3,short,16,740
USA,2017,3,short,0,8661
USA,2017,3,short,1,216
USA,2017,3,short,2,1911
USA,2017,3,short,3,34
USA,2017,3,short,4,398
USA,2017,3,short,5,423
USA,2017,3,short,6,674
USA,2017,3,short,7,2125
USA,2017,3,short,8,456
USA,2017,3,short,9,93
USA,2017,3,short,10,175
USA,2017,3,short,11,691
USA,2017,3,short,12,335
USA,2017,3,short,13,59
USA,2017,3,short,14,226
USA,2017,3,short,15,72
USA,2017,3,short,16,773
USA,2018,3,short,0,8692
USA,2018,3,short,1,210
USA,2018,3,short,2,1900
USA,2018,3,short,3,34
USA,2018,3,short,4,412
USA,2018,3,short,5,420
USA,2018,3,short,6,697
USA,2018,3,short,7,2139
USA,2018,3,short,8,458
USA,2018,3,short,9,92
USA,2018,3,short,10,185
USA,2018,3,short,11,689
USA,2018,3,short,12,340
USA,2018,3,short,13,59
USA,2018,3,short,14,227
USA,2018,3,short,15,70
USA,2018,3,short,16,761
